{
  "IcoMoonType": "selection",
  "icons": [
    {
      "icon": {
        "paths": [
          "M204.8 213.333h614.4c42.24 0 76.8 33.6 76.8 74.667v448c0 41.067-34.56 74.667-76.8 74.667h-614.4c-42.24 0-76.8-33.6-76.8-74.667v-448c0-41.067 34.56-74.667 76.8-74.667z",
          "M853.333 298.667l-341.333 256-341.333-256"
        ],
        "attrs": [
          {
            "fill": "none",
            "stroke": "rgb(157, 164, 189)",
            "strokeLinejoin": "round",
            "strokeLinecap": "round",
            "strokeMiterlimit": "4",
            "strokeWidth": 42.666666666666664
          },
          {
            "fill": "none",
            "stroke": "rgb(157, 164, 189)",
            "strokeLinejoin": "round",
            "strokeLinecap": "round",
            "strokeMiterlimit": "4",
            "strokeWidth": 42.666666666666664
          }
        ],
        "isMulticolor": false,
        "isMulticolor2": false,
        "grid": 0,
        "tags": [
          "mail"
        ]
      },
      "attrs": [
        {
          "fill": "none",
          "stroke": "rgb(157, 164, 189)",
          "strokeLinejoin": "round",
          "strokeLinecap": "round",
          "strokeMiterlimit": "4",
          "strokeWidth": 42.666666666666664
        },
        {
          "fill": "none",
          "stroke": "rgb(157, 164, 189)",
          "strokeLinejoin": "round",
          "strokeLinecap": "round",
          "strokeMiterlimit": "4",
          "strokeWidth": 42.666666666666664
        }
      ],
      "properties": {
        "order": 81,
        "id": 2,
        "name": "mail",
        "prevSize": 32
      },
      "setIdx": 0,
      "setId": 5,
      "iconIdx": 0
    },
    {
      "icon": {
        "paths": [
          "M853.333 442.18c0 244.365-341.333 453.82-341.333 453.82s-341.333-209.455-341.333-453.82c0-173.516 152.82-314.18 341.333-314.18s341.333 140.664 341.333 314.18v0z",
          "M512 597.333c70.694 0 128-57.306 128-128 0-70.692-57.306-128-128-128s-128 57.308-128 128c0 70.694 57.306 128 128 128z"
        ],
        "attrs": [
          {
            "fill": "none",
            "stroke": "rgb(157, 164, 189)",
            "strokeLinejoin": "round",
            "strokeLinecap": "round",
            "strokeMiterlimit": "4",
            "strokeWidth": 42.666666666666664
          },
          {
            "fill": "none",
            "stroke": "rgb(157, 164, 189)",
            "strokeLinejoin": "round",
            "strokeLinecap": "round",
            "strokeMiterlimit": "4",
            "strokeWidth": 42.666666666666664
          }
        ],
        "isMulticolor": false,
        "isMulticolor2": false,
        "grid": 0,
        "tags": [
          "map-pin"
        ]
      },
      "attrs": [
        {
          "fill": "none",
          "stroke": "rgb(157, 164, 189)",
          "strokeLinejoin": "round",
          "strokeLinecap": "round",
          "strokeMiterlimit": "4",
          "strokeWidth": 42.666666666666664
        },
        {
          "fill": "none",
          "stroke": "rgb(157, 164, 189)",
          "strokeLinejoin": "round",
          "strokeLinecap": "round",
          "strokeMiterlimit": "4",
          "strokeWidth": 42.666666666666664
        }
      ],
      "properties": {
        "order": 80,
        "id": 1,
        "name": "map-pin",
        "prevSize": 32
      },
      "setIdx": 0,
      "setId": 5,
      "iconIdx": 1
    },
    {
      "icon": {
        "paths": [
          "M853.316 682.786v102.976c0.077 19.328-7.996 37.794-22.242 50.863-14.242 13.069-33.335 19.524-52.587 17.783-105.621-11.477-207.078-47.569-296.218-105.374-82.934-52.702-153.247-123.012-205.946-205.948-58.009-89.545-94.109-191.494-105.375-297.59-1.734-19.191 4.677-38.228 17.669-52.46s31.366-22.348 50.636-22.366h102.973c34.457-0.339 63.826 24.918 68.649 59.038 4.346 32.954 12.406 65.309 24.026 96.451 9.429 25.087 3.401 53.367-15.446 72.424l-43.592 43.593c48.863 85.931 120.012 157.082 205.947 205.943l43.588-43.593c19.059-18.842 47.339-24.875 72.427-15.445 31.142 11.622 63.497 19.682 96.452 24.030 34.513 4.868 59.9 34.829 59.038 69.675z"
        ],
        "attrs": [
          {
            "fill": "none",
            "stroke": "rgb(157, 164, 189)",
            "strokeLinejoin": "round",
            "strokeLinecap": "round",
            "strokeMiterlimit": "4",
            "strokeWidth": 42.666666666666664
          }
        ],
        "isMulticolor": false,
        "isMulticolor2": false,
        "grid": 0,
        "tags": [
          "phone"
        ]
      },
      "attrs": [
        {
          "fill": "none",
          "stroke": "rgb(157, 164, 189)",
          "strokeLinejoin": "round",
          "strokeLinecap": "round",
          "strokeMiterlimit": "4",
          "strokeWidth": 42.666666666666664
        }
      ],
      "properties": {
        "order": 79,
        "id": 0,
        "name": "phone",
        "prevSize": 32
      },
      "setIdx": 0,
      "setId": 5,
      "iconIdx": 2
    },
    {
      "icon": {
        "paths": [
          "M682.537 170.026h93.486v-162.816c-16.128-2.219-71.598-7.211-136.192-7.211-134.786 0-227.117 84.778-227.117 240.598v143.402h-148.736v182.016h148.736v457.984h182.358v-457.943h142.72l22.656-182.014h-165.417v-125.397c0.041-52.608 14.208-88.619 87.506-88.619z"
        ],
        "attrs": [],
        "grid": 0,
        "tags": [
          "facebook 1"
        ]
      },
      "attrs": [],
      "properties": {
        "order": 76,
        "id": 3,
        "name": "facebook-1",
        "prevSize": 32
      },
      "setIdx": 1,
      "setId": 4,
      "iconIdx": 0
    },
    {
      "icon": {
        "paths": [
          "M1022.996 301.059c-2.396-54.409-11.197-91.814-23.803-124.227-13-34.405-33.004-65.208-59.213-90.814-25.605-26.006-56.612-46.212-90.619-59.012-32.599-12.604-69.811-21.403-124.221-23.802-54.815-2.602-72.218-3.204-211.241-3.204-139.028 0-156.43 0.602-211.043 3.001-54.409 2.399-91.814 11.205-124.219 23.802-34.413 13.003-65.215 33.007-90.822 59.215-26.005 25.606-46.204 56.612-59.011 90.619-12.604 32.608-21.403 69.811-23.802 124.22-2.602 54.815-3.204 72.217-3.204 211.247 0 139.023 0.602 156.426 3.001 211.041 2.399 54.405 11.205 91.812 23.809 124.227 13.002 34.401 33.202 65.208 59.207 90.813 25.607 26.004 56.612 46.213 90.619 59.013 32.608 12.6 69.81 21.402 124.227 23.798 54.604 2.406 72.014 3 211.043 3 139.023 0 156.426-0.594 211.041-3 54.405-2.396 91.812-11.197 124.216-23.798 68.818-26.609 123.228-81.019 149.837-149.827 12.595-32.609 21.402-69.821 23.798-124.227 2.401-54.615 3-72.018 3-211.041 0-139.030-0.2-156.431-2.601-211.044zM930.785 719.14c-2.207 50.012-10.604 77.015-17.608 95.017-17.203 44.611-52.613 80.015-97.219 97.224-18.007 7.004-45.204 15.401-95.022 17.597-54.011 2.406-70.205 3-206.838 3-136.626 0-153.028-0.594-206.843-3-50.010-2.196-77.015-10.593-95.018-17.597-22.2-8.202-42.407-21.207-58.808-38.211-17.004-16.604-30.006-36.608-38.211-58.808-7.002-18.002-15.401-45.21-17.597-95.017-2.406-54.011-3-70.216-3-206.848 0-136.626 0.594-153.028 3-206.835 2.196-50.010 10.596-77.015 17.597-95.018 8.205-22.207 21.207-42.407 38.414-58.817 16.597-17.003 36.601-30.006 58.808-38.203 18.003-7.001 45.212-15.401 95.018-17.605 54.010-2.399 70.217-3.001 206.839-3.001 136.827 0 153.027 0.602 206.843 3.001 50.007 2.203 77.015 10.604 95.017 17.605 22.2 8.197 42.409 21.2 58.808 38.203 17.004 16.605 30.008 36.609 38.211 58.817 7.004 18.003 15.401 45.204 17.608 95.018 2.396 54.010 3 70.209 3 206.835 0 136.632-0.604 152.632-3 206.643z",
          "M513.9 249.047c-145.223 0-263.051 117.82-263.051 263.050 0 145.234 117.828 263.050 263.051 263.050 145.234 0 263.050-117.816 263.050-263.050 0-145.23-117.816-263.050-263.050-263.050zM513.9 682.732c-94.214 0-170.635-76.411-170.635-170.634 0-94.221 76.421-170.634 170.635-170.634 94.223 0 170.634 76.413 170.634 170.634 0 94.223-76.411 170.634-170.634 170.634z",
          "M848.768 238.648c0 33.913-27.494 61.41-61.414 61.41-33.915 0-61.414-27.497-61.414-61.41 0-33.921 27.5-61.411 61.414-61.411 33.92 0 61.414 27.49 61.414 61.411z"
        ],
        "attrs": [],
        "grid": 0,
        "tags": [
          "instagram 2"
        ]
      },
      "attrs": [],
      "properties": {
        "order": 78,
        "id": 2,
        "name": "instagram-2",
        "prevSize": 32
      },
      "setIdx": 1,
      "setId": 4,
      "iconIdx": 1
    },
    {
      "icon": {
        "paths": [
          "M1023.744 1024v-0.041h0.256v-375.552c0-183.722-39.552-325.247-254.336-325.247-103.255 0-172.544 56.661-200.832 110.378h-2.985v-93.226h-203.65v683.647h212.052v-338.519c0-89.129 16.896-175.315 127.278-175.315 108.754 0 110.377 101.715 110.377 181.034v332.841h211.84z",
          "M16.895 340.35h212.309v683.65h-212.309v-683.65z",
          "M122.966 0c-67.883 0-122.966 55.082-122.966 122.966s55.082 124.117 122.966 124.117c67.882 0 122.965-56.234 122.965-124.117-0.042-67.883-55.125-122.966-122.965-122.966v0z"
        ],
        "attrs": [],
        "grid": 0,
        "tags": [
          "linkedin 1"
        ]
      },
      "attrs": [],
      "properties": {
        "order": 74,
        "id": 1,
        "name": "linkedin-1",
        "prevSize": 32
      },
      "setIdx": 1,
      "setId": 4,
      "iconIdx": 2
    },
    {
      "icon": {
        "paths": [
          "M1024 194.496c-38.077 16.704-78.659 27.776-120.96 33.152 43.52-25.984 76.739-66.816 92.349-116.032-40.571 24.192-85.371 41.28-133.12 50.816-38.528-41.024-93.44-66.432-153.344-66.432-116.219 0-209.789 94.336-209.789 209.984 0 16.64 1.408 32.64 4.864 47.872-174.528-8.512-328.96-92.16-432.704-219.584-18.112 31.424-28.736 67.392-28.736 106.112 0 72.704 37.44 137.152 93.248 174.464-33.728-0.64-66.816-10.432-94.848-25.856 0 0.64 0 1.472 0 2.304 0 102.016 72.768 186.752 168.192 206.269-17.088 4.675-35.712 6.912-55.040 6.912-13.44 0-27.008-0.763-39.744-3.584 27.2 83.139 104.384 144.261 196.16 146.243-71.424 55.875-162.112 89.533-260.288 89.533-17.216 0-33.728-0.763-50.24-2.877 92.992 59.971 203.2 94.208 322.048 94.208 386.304 0 597.504-320 597.504-597.376 0-9.28-0.317-18.24-0.768-27.136 41.667-29.568 76.672-66.496 105.216-108.992z"
        ],
        "attrs": [],
        "grid": 0,
        "tags": [
          "twitter 1"
        ]
      },
      "attrs": [],
      "properties": {
        "order": 77,
        "id": 0,
        "name": "twitter-1",
        "prevSize": 32
      },
      "setIdx": 1,
      "setId": 4,
      "iconIdx": 3
    }
  ],
  "height": 1024,
  "preferences": {
    "showGlyphs": true,
    "showQuickUse": true,
    "showQuickUse2": true,
    "showSVGs": true,
    "fontPref": {
      "prefix": "icon-",
      "metadata": {
        "fontFamily": "icomoon"
      },
      "metrics": {
        "emSize": 1024,
        "baseline": 6.25,
        "whitespace": 50
      },
      "embed": false
    },
    "imagePref": {
      "prefix": "",
      "png": true,
      "useClassSelector": true,
      "color": 0,
      "bgColor": 16777215,
      "classSelector": ".icon",
      "name": "",
      "height": 32,
      "columns": 16,
      "margin": 16,
      "addTitleTags": false
    },
    "historySize": 50,
    "showCodes": true,
    "gridSize": 16,
    "showGrid": false
  }
}